{
  "site.js": 1775630978.615541,
  "CHANGELOG.md": 1775630978.6152823,
  "README.md": 1775630962.4126678,
  "AGENTS.md": 1775232510.0244758,
  "CLAUDE.md": 1775232521.1741958,
  "eng-spec/README.md": 1774727968.2199445,
  "eng-spec/SKILL.md": 1774708014.7276506,
  "compact-conversation/README.md": 1775630962.412929,
  "compact-conversation/SKILL.md": 1775630962.4130907,
  "write-a-prd/README.md": 1774727968.2194858,
  "write-a-prd/SKILL.md": 1774555044.0,
  "e2e-audit/README.md": 1775630962.3965056,
  "e2e-audit/SKILL.md": 1775630962.3967125,
  "prd-to-plan/README.md": 1774945928.3751163,
  "prd-to-plan/SKILL.md": 1774555044.0,
  "ubiquitous-language/README.md": 1774727968.2206826,
  "ubiquitous-language/SKILL.md": 1774555044.0,
  "precision-mode/README.md": 1775230948.7407918,
  "precision-mode/SKILL.md": 1775230948.7408764,
  "git-guardrails-claude-code/README.md": 1774727968.2204607,
  "git-guardrails-claude-code/SKILL.md": 1774555044.0,
  "request-refactor-plan/README.md": 1774945928.3754466,
  "request-refactor-plan/SKILL.md": 1774555044.0,
  "qa/README.md": 1774945928.3753116,
  "qa/SKILL.md": 1774555044.0,
  "design-interview/README.md": 1774727968.2214801,
  "design-interview/SKILL.md": 1774707968.577158,
  "prd-approve/README.md": 1774727968.2191875,
  "prd-approve/SKILL.md": 1774708440.982315,
  "pmo-status/README.md": 1774727968.2197368,
  "pmo-status/SKILL.md": 1774707765.0397215,
  "prd-review-panel/README.md": 1774727968.219076,
  "prd-review-panel/SKILL.md": 1774708440.9920459,
  "package-scout/README.md": 1775232280.0216794,
  "package-scout/SKILL.md": 1775232261.1621802,
  "write-a-skill/README.md": 1774727968.22203,
  "write-a-skill/SKILL.md": 1774555044.0,
  "design-draft/README.md": 1774727968.2216668,
  "design-draft/SKILL.md": 1774707968.5907514,
  "concise-reporting/README.md": 1775124213.4109979,
  "concise-reporting/SKILL.md": 1775112642.2526484,
  "prd-draft/README.md": 1774727968.2188394,
  "prd-draft/SKILL.md": 1774708440.9890292,
  "design-review/README.md": 1774727968.2218351,
  "design-review/SKILL.md": 1774707968.5852911,
  "tdd/mocking.md": 1774555044.0,
  "tdd/deep-modules.md": 1774555044.0,
  "tdd/tests.md": 1774555044.0,
  "tdd/README.md": 1774727968.2201407,
  "tdd/SKILL.md": 1774555044.0,
  "tdd/interface-design.md": 1774555044.0,
  "tdd/refactoring.md": 1774555044.0,
  "grill-me/README.md": 1774727968.2211754,
  "grill-me/SKILL.md": 1774555044.0
}